{"cameraMode":{"drawMode":0,"name":"Shaded","section":"Shading Mode"},"sceneLighting":true,"audioPlay":false,"sceneViewState":{"m_AlwaysRefresh":false,"showFog":true,"showSkybox":true,"showFlares":true,"showImageEffects":true,"showParticleSystems":true,"showVisualEffectGraphs":true,"m_FxEnabled":true},"in2DMode":false,"pivot":{"x":1.1599421501159669,"y":-12.70828914642334,"z":41.45582962036133},"rotation":{"x":-0.19384068250656129,"y":0.04765394702553749,"z":-0.009427511133253575,"w":-0.9798270463943481},"size":22.08478546142578,"orthographic":false}